generation_case_id,workflow,embedding_model,retrieval_condition,selection_setting,case_id,company_name,target_reporting_year,task_id,task_title,retrieved_count,csv_metric_count,pdf_narrative_count,pdf_table_row_count,prompt_word_count,prompt_char_count,prompt_hash
w2__qwen3_0_6b__stratified_by_evidence_type_n10__admiral_group__2018__e1_1_transition_plan,W2,qwen3_0_6b,stratified_per_type,stratified_by_evidence_type_n10,0175e243-c24c-42ce-acc6-b5b40bb43080__ty2018__E1-1_transition_plan__W2__sanity,Admiral Group,2018,E1-1_transition_plan,E1-1 Transition plan for climate change mitigation,30,10,10,10,1948,14404,5d79a180996fab2e43add4f5495b88411cca06d79b4e7ad84fb7d1fd8a06757f
w2__qwen3_0_6b__stratified_by_evidence_type_n10__admiral_group__2018__e1_3_actions_resources,W2,qwen3_0_6b,stratified_per_type,stratified_by_evidence_type_n10,0175e243-c24c-42ce-acc6-b5b40bb43080__ty2018__E1-3_actions_resources__W2__sanity,Admiral Group,2018,E1-3_actions_resources,E1-3 Actions and resources in relation to climate policies,30,10,10,10,1712,12915,be129c54048d393118fc6e8b7c9fb43cf9f73ac736fca6e68da087b42bbeabbf
w2__qwen3_0_6b__stratified_by_evidence_type_n10__admiral_group__2018__e1_4_targets,W2,qwen3_0_6b,stratified_per_type,stratified_by_evidence_type_n10,0175e243-c24c-42ce-acc6-b5b40bb43080__ty2018__E1-4_targets__W2__sanity,Admiral Group,2018,E1-4_targets,E1-4 Climate-related targets,25,10,5,10,1167,9199,8b877da5544b816719134c863ad724779e426959408b20bc481ff5f13cef4838
w2__qwen3_0_6b__stratified_by_evidence_type_n10__admiral_group__2018__e1_6_ghg_emissions,W2,qwen3_0_6b,stratified_per_type,stratified_by_evidence_type_n10,0175e243-c24c-42ce-acc6-b5b40bb43080__ty2018__E1-6_ghg_emissions__W2__sanity,Admiral Group,2018,E1-6_ghg_emissions,"E1-6 Gross Scope 1, Scope 2, Scope 3 and total GHG emissions",30,10,10,10,1710,12472,73446ec555d81ba75ff7bc79742e810e49cf1b5dce301857aef5c011218e8575
w2__qwen3_0_6b__stratified_by_evidence_type_n10__admiral_group__2019__e1_1_transition_plan,W2,qwen3_0_6b,stratified_per_type,stratified_by_evidence_type_n10,0175e243-c24c-42ce-acc6-b5b40bb43080__ty2019__E1-1_transition_plan__W2__sanity,Admiral Group,2019,E1-1_transition_plan,E1-1 Transition plan for climate change mitigation,30,10,10,10,2059,14786,0a8b81ad7fc64f042cfba82e2d35d428219321e62e1391feeb01a3ba1dd97b75
w2__qwen3_0_6b__stratified_by_evidence_type_n10__admiral_group__2019__e1_3_actions_resources,W2,qwen3_0_6b,stratified_per_type,stratified_by_evidence_type_n10,0175e243-c24c-42ce-acc6-b5b40bb43080__ty2019__E1-3_actions_resources__W2__sanity,Admiral Group,2019,E1-3_actions_resources,E1-3 Actions and resources in relation to climate policies,28,10,8,10,1560,11780,5558ecaef77937fd2d571bc734eb15a1b82d3a68f89091a57c2f24f516b6d4d9
w2__qwen3_0_6b__stratified_by_evidence_type_n10__admiral_group__2019__e1_4_targets,W2,qwen3_0_6b,stratified_per_type,stratified_by_evidence_type_n10,0175e243-c24c-42ce-acc6-b5b40bb43080__ty2019__E1-4_targets__W2__sanity,Admiral Group,2019,E1-4_targets,E1-4 Climate-related targets,27,10,7,10,1349,10419,e07f499d41b2dccc96af5d173c03eaecf260d5d098c8f6d402a3754bf5a85336
w2__qwen3_0_6b__stratified_by_evidence_type_n10__admiral_group__2019__e1_6_ghg_emissions,W2,qwen3_0_6b,stratified_per_type,stratified_by_evidence_type_n10,0175e243-c24c-42ce-acc6-b5b40bb43080__ty2019__E1-6_ghg_emissions__W2__sanity,Admiral Group,2019,E1-6_ghg_emissions,"E1-6 Gross Scope 1, Scope 2, Scope 3 and total GHG emissions",30,10,10,10,1666,12232,b744ef25a959703f6596f7f4d5c6af360f7bea688fcb60cdbcaf224c8a5e36ae
w2__qwen3_0_6b__stratified_by_evidence_type_n10__admiral_group__2020__e1_1_transition_plan,W2,qwen3_0_6b,stratified_per_type,stratified_by_evidence_type_n10,0175e243-c24c-42ce-acc6-b5b40bb43080__ty2020__E1-1_transition_plan__W2__sanity,Admiral Group,2020,E1-1_transition_plan,E1-1 Transition plan for climate change mitigation,30,10,10,10,1752,12882,eba7f92f40190428b2445fb0298784cd31bd9242297754495ea11efcab67d1b2
w2__qwen3_0_6b__stratified_by_evidence_type_n10__admiral_group__2020__e1_3_actions_resources,W2,qwen3_0_6b,stratified_per_type,stratified_by_evidence_type_n10,0175e243-c24c-42ce-acc6-b5b40bb43080__ty2020__E1-3_actions_resources__W2__sanity,Admiral Group,2020,E1-3_actions_resources,E1-3 Actions and resources in relation to climate policies,29,10,9,10,1621,12124,37239924600b7a5e34bb3de0aaa34e034e3b040518fc7e0ed2d3ccf926e88b50
w2__qwen3_0_6b__stratified_by_evidence_type_n10__admiral_group__2020__e1_4_targets,W2,qwen3_0_6b,stratified_per_type,stratified_by_evidence_type_n10,0175e243-c24c-42ce-acc6-b5b40bb43080__ty2020__E1-4_targets__W2__sanity,Admiral Group,2020,E1-4_targets,E1-4 Climate-related targets,22,10,2,10,956,7457,62e117e45cf3e2e9c9bd626ba619074b977d660ef0e9194df5fe254025c584fb
w2__qwen3_0_6b__stratified_by_evidence_type_n10__admiral_group__2020__e1_6_ghg_emissions,W2,qwen3_0_6b,stratified_per_type,stratified_by_evidence_type_n10,0175e243-c24c-42ce-acc6-b5b40bb43080__ty2020__E1-6_ghg_emissions__W2__sanity,Admiral Group,2020,E1-6_ghg_emissions,"E1-6 Gross Scope 1, Scope 2, Scope 3 and total GHG emissions",30,10,10,10,1650,12224,a6be3171fef0fee37ef0e6b492c6937e19cd9cd0102bd751dd7c5448204bd576
w2__qwen3_0_6b__stratified_by_evidence_type_n10__admiral_group__2021__e1_1_transition_plan,W2,qwen3_0_6b,stratified_per_type,stratified_by_evidence_type_n10,0175e243-c24c-42ce-acc6-b5b40bb43080__ty2021__E1-1_transition_plan__W2__sanity,Admiral Group,2021,E1-1_transition_plan,E1-1 Transition plan for climate change mitigation,30,10,10,10,1727,12782,956fd2f21199a70bab7dba7fbbdfef3acdca9e4ccf0efc6cabf5bbbcb8d8e490
w2__qwen3_0_6b__stratified_by_evidence_type_n10__admiral_group__2021__e1_3_actions_resources,W2,qwen3_0_6b,stratified_per_type,stratified_by_evidence_type_n10,0175e243-c24c-42ce-acc6-b5b40bb43080__ty2021__E1-3_actions_resources__W2__sanity,Admiral Group,2021,E1-3_actions_resources,E1-3 Actions and resources in relation to climate policies,25,10,5,10,1228,9513,a2a2f05a3bbe24598e68f5197667a4796bf305ee2aa0965989ba307225a0f2f7
w2__qwen3_0_6b__stratified_by_evidence_type_n10__admiral_group__2021__e1_4_targets,W2,qwen3_0_6b,stratified_per_type,stratified_by_evidence_type_n10,0175e243-c24c-42ce-acc6-b5b40bb43080__ty2021__E1-4_targets__W2__sanity,Admiral Group,2021,E1-4_targets,E1-4 Climate-related targets,24,10,4,10,1113,8664,7527017b5ce4d3ff829432ae74d2144f3e5d5c095ef9cc69b696357804418752
w2__qwen3_0_6b__stratified_by_evidence_type_n10__admiral_group__2021__e1_6_ghg_emissions,W2,qwen3_0_6b,stratified_per_type,stratified_by_evidence_type_n10,0175e243-c24c-42ce-acc6-b5b40bb43080__ty2021__E1-6_ghg_emissions__W2__sanity,Admiral Group,2021,E1-6_ghg_emissions,"E1-6 Gross Scope 1, Scope 2, Scope 3 and total GHG emissions",30,10,10,10,1567,11856,cb534603e99fc0dc6f7e2163e1d5d93d2fc47bcca2fc104124c74de738755e03
w2__qwen3_0_6b__stratified_by_evidence_type_n10__admiral_group__2022__e1_1_transition_plan,W2,qwen3_0_6b,stratified_per_type,stratified_by_evidence_type_n10,0175e243-c24c-42ce-acc6-b5b40bb43080__ty2022__E1-1_transition_plan__W2__sanity,Admiral Group,2022,E1-1_transition_plan,E1-1 Transition plan for climate change mitigation,30,10,10,10,1709,12557,956b7551ad3012679b59683a882780b9f755298346c201b3494a7991c2ec5528
w2__qwen3_0_6b__stratified_by_evidence_type_n10__admiral_group__2022__e1_3_actions_resources,W2,qwen3_0_6b,stratified_per_type,stratified_by_evidence_type_n10,0175e243-c24c-42ce-acc6-b5b40bb43080__ty2022__E1-3_actions_resources__W2__sanity,Admiral Group,2022,E1-3_actions_resources,E1-3 Actions and resources in relation to climate policies,30,10,10,10,1539,11625,de18d180771ca14b0e307284661f76138c63d2b637cec680becde95e79eb74f9
w2__qwen3_0_6b__stratified_by_evidence_type_n10__admiral_group__2022__e1_4_targets,W2,qwen3_0_6b,stratified_per_type,stratified_by_evidence_type_n10,0175e243-c24c-42ce-acc6-b5b40bb43080__ty2022__E1-4_targets__W2__sanity,Admiral Group,2022,E1-4_targets,E1-4 Climate-related targets,28,10,8,10,1380,10415,26aa0d4f19a53c0709ac1510043a20bb475c099e0d786c04be615801dc22b373
w2__qwen3_0_6b__stratified_by_evidence_type_n10__admiral_group__2022__e1_6_ghg_emissions,W2,qwen3_0_6b,stratified_per_type,stratified_by_evidence_type_n10,0175e243-c24c-42ce-acc6-b5b40bb43080__ty2022__E1-6_ghg_emissions__W2__sanity,Admiral Group,2022,E1-6_ghg_emissions,"E1-6 Gross Scope 1, Scope 2, Scope 3 and total GHG emissions",30,10,10,10,1504,11247,6100a7bab6e3871040962c42c07101f09828419870e29f2be88f86572b89d727
w2__qwen3_0_6b__stratified_by_evidence_type_n10__admiral_group__2023__e1_1_transition_plan,W2,qwen3_0_6b,stratified_per_type,stratified_by_evidence_type_n10,0175e243-c24c-42ce-acc6-b5b40bb43080__ty2023__E1-1_transition_plan__W2__sanity,Admiral Group,2023,E1-1_transition_plan,E1-1 Transition plan for climate change mitigation,30,10,10,10,2113,15216,9605d2bec01c2d365e81023a7c0a64652805e7b67ed3be82559187b16bbf19fb
w2__qwen3_0_6b__stratified_by_evidence_type_n10__admiral_group__2023__e1_3_actions_resources,W2,qwen3_0_6b,stratified_per_type,stratified_by_evidence_type_n10,0175e243-c24c-42ce-acc6-b5b40bb43080__ty2023__E1-3_actions_resources__W2__sanity,Admiral Group,2023,E1-3_actions_resources,E1-3 Actions and resources in relation to climate policies,30,10,10,10,1451,11148,7fe069f94af907ef04f3c82dc696bd8dbb20fdecb49d4d39fef7a044fec06843
w2__qwen3_0_6b__stratified_by_evidence_type_n10__admiral_group__2023__e1_4_targets,W2,qwen3_0_6b,stratified_per_type,stratified_by_evidence_type_n10,0175e243-c24c-42ce-acc6-b5b40bb43080__ty2023__E1-4_targets__W2__sanity,Admiral Group,2023,E1-4_targets,E1-4 Climate-related targets,30,10,10,10,1422,10831,20142e689e3326f3bab68adf01a2f0f1bdd984aea3514939dcd0143b7ce19b5a
w2__qwen3_0_6b__stratified_by_evidence_type_n10__admiral_group__2023__e1_6_ghg_emissions,W2,qwen3_0_6b,stratified_per_type,stratified_by_evidence_type_n10,0175e243-c24c-42ce-acc6-b5b40bb43080__ty2023__E1-6_ghg_emissions__W2__sanity,Admiral Group,2023,E1-6_ghg_emissions,"E1-6 Gross Scope 1, Scope 2, Scope 3 and total GHG emissions",30,10,10,10,1507,11282,d195c7773a7e4d4e8eaa59b34fb73028b5764ff36b88b550aa39b672a9cfde5a
w2__qwen3_0_6b__stratified_by_evidence_type_n10__evonik_industries__2018__e1_1_transition_plan,W2,qwen3_0_6b,stratified_per_type,stratified_by_evidence_type_n10,060107a1-5462-4b5b-adf7-ca200f3bb587__ty2018__E1-1_transition_plan__W2__sanity,Evonik Industries,2018,E1-1_transition_plan,E1-1 Transition plan for climate change mitigation,30,10,10,10,1671,12378,415d58fb2e94b52f966f7b2d7b1de7470c78a6aca20e42008dd35d32b35a2d62
w2__qwen3_0_6b__stratified_by_evidence_type_n10__evonik_industries__2018__e1_3_actions_resources,W2,qwen3_0_6b,stratified_per_type,stratified_by_evidence_type_n10,060107a1-5462-4b5b-adf7-ca200f3bb587__ty2018__E1-3_actions_resources__W2__sanity,Evonik Industries,2018,E1-3_actions_resources,E1-3 Actions and resources in relation to climate policies,28,10,8,10,1515,11637,049f7880646f03c4f0235501bfdd95ec33eb31271d5f2ae7784c83507d259c6b
w2__qwen3_0_6b__stratified_by_evidence_type_n10__evonik_industries__2018__e1_4_targets,W2,qwen3_0_6b,stratified_per_type,stratified_by_evidence_type_n10,060107a1-5462-4b5b-adf7-ca200f3bb587__ty2018__E1-4_targets__W2__sanity,Evonik Industries,2018,E1-4_targets,E1-4 Climate-related targets,28,10,8,10,1421,10788,0df40796c6dbc56c83d612bed1a6acdaaa9edf8de70764001dc7706392f8810e
w2__qwen3_0_6b__stratified_by_evidence_type_n10__evonik_industries__2018__e1_6_ghg_emissions,W2,qwen3_0_6b,stratified_per_type,stratified_by_evidence_type_n10,060107a1-5462-4b5b-adf7-ca200f3bb587__ty2018__E1-6_ghg_emissions__W2__sanity,Evonik Industries,2018,E1-6_ghg_emissions,"E1-6 Gross Scope 1, Scope 2, Scope 3 and total GHG emissions",25,10,5,10,1072,8447,bf6d69407ab28015272d1c071ea4f0ef4d06204af1c7a4b7cb61de41c568cc1c
w2__qwen3_0_6b__stratified_by_evidence_type_n10__evonik_industries__2019__e1_1_transition_plan,W2,qwen3_0_6b,stratified_per_type,stratified_by_evidence_type_n10,060107a1-5462-4b5b-adf7-ca200f3bb587__ty2019__E1-1_transition_plan__W2__sanity,Evonik Industries,2019,E1-1_transition_plan,E1-1 Transition plan for climate change mitigation,30,10,10,10,1679,12380,b748a6471152e88fdd9ca982d5865aadd0a13286beed990f288198231373d972
w2__qwen3_0_6b__stratified_by_evidence_type_n10__evonik_industries__2019__e1_3_actions_resources,W2,qwen3_0_6b,stratified_per_type,stratified_by_evidence_type_n10,060107a1-5462-4b5b-adf7-ca200f3bb587__ty2019__E1-3_actions_resources__W2__sanity,Evonik Industries,2019,E1-3_actions_resources,E1-3 Actions and resources in relation to climate policies,30,10,10,10,1525,11715,8a2674437f27524a1fb8258f9de7dbff2d6986c5723e6daffc5b8ff4b5296cb3
w2__qwen3_0_6b__stratified_by_evidence_type_n10__evonik_industries__2019__e1_4_targets,W2,qwen3_0_6b,stratified_per_type,stratified_by_evidence_type_n10,060107a1-5462-4b5b-adf7-ca200f3bb587__ty2019__E1-4_targets__W2__sanity,Evonik Industries,2019,E1-4_targets,E1-4 Climate-related targets,27,10,7,10,1386,10417,5100fb044d465365f5a2f1a9a202abce9d2a4327589eccf6df7bbbd8428d6635
w2__qwen3_0_6b__stratified_by_evidence_type_n10__evonik_industries__2019__e1_6_ghg_emissions,W2,qwen3_0_6b,stratified_per_type,stratified_by_evidence_type_n10,060107a1-5462-4b5b-adf7-ca200f3bb587__ty2019__E1-6_ghg_emissions__W2__sanity,Evonik Industries,2019,E1-6_ghg_emissions,"E1-6 Gross Scope 1, Scope 2, Scope 3 and total GHG emissions",23,10,3,10,976,7697,cf0556d769e0106d47cc21858bdad48b2fb701a2359b6e7d706a724d23bd3fb3
w2__qwen3_0_6b__stratified_by_evidence_type_n10__evonik_industries__2020__e1_1_transition_plan,W2,qwen3_0_6b,stratified_per_type,stratified_by_evidence_type_n10,060107a1-5462-4b5b-adf7-ca200f3bb587__ty2020__E1-1_transition_plan__W2__sanity,Evonik Industries,2020,E1-1_transition_plan,E1-1 Transition plan for climate change mitigation,30,10,10,10,2719,19551,84d406374609d84425b2fb355c82f2ada01f10c1c1e3a8c98c93f4d945cac462
w2__qwen3_0_6b__stratified_by_evidence_type_n10__evonik_industries__2020__e1_3_actions_resources,W2,qwen3_0_6b,stratified_per_type,stratified_by_evidence_type_n10,060107a1-5462-4b5b-adf7-ca200f3bb587__ty2020__E1-3_actions_resources__W2__sanity,Evonik Industries,2020,E1-3_actions_resources,E1-3 Actions and resources in relation to climate policies,30,10,10,10,1469,11174,e2d4df72826b30b1ada2070237d5c831f8dd4db42d0d0294e23a5138542f7be5
w2__qwen3_0_6b__stratified_by_evidence_type_n10__evonik_industries__2020__e1_4_targets,W2,qwen3_0_6b,stratified_per_type,stratified_by_evidence_type_n10,060107a1-5462-4b5b-adf7-ca200f3bb587__ty2020__E1-4_targets__W2__sanity,Evonik Industries,2020,E1-4_targets,E1-4 Climate-related targets,30,10,10,10,1809,13039,11dab9367ed77f3092d9901ba98d9fb02a71837a88b1aee7a8cf177ff8f112c9
w2__qwen3_0_6b__stratified_by_evidence_type_n10__evonik_industries__2020__e1_6_ghg_emissions,W2,qwen3_0_6b,stratified_per_type,stratified_by_evidence_type_n10,060107a1-5462-4b5b-adf7-ca200f3bb587__ty2020__E1-6_ghg_emissions__W2__sanity,Evonik Industries,2020,E1-6_ghg_emissions,"E1-6 Gross Scope 1, Scope 2, Scope 3 and total GHG emissions",25,10,5,10,1098,8618,836fd2719c51d3fe3d57a4cbd8d07c8b302fa977884ae144f38c9d2e443b35be
w2__qwen3_0_6b__stratified_by_evidence_type_n10__evonik_industries__2021__e1_1_transition_plan,W2,qwen3_0_6b,stratified_per_type,stratified_by_evidence_type_n10,060107a1-5462-4b5b-adf7-ca200f3bb587__ty2021__E1-1_transition_plan__W2__sanity,Evonik Industries,2021,E1-1_transition_plan,E1-1 Transition plan for climate change mitigation,30,10,10,10,2118,15775,77d12314baa2bb24e7646884ab7eeecb11ff011d4fc757515e3e6f51bcda1255
w2__qwen3_0_6b__stratified_by_evidence_type_n10__evonik_industries__2021__e1_3_actions_resources,W2,qwen3_0_6b,stratified_per_type,stratified_by_evidence_type_n10,060107a1-5462-4b5b-adf7-ca200f3bb587__ty2021__E1-3_actions_resources__W2__sanity,Evonik Industries,2021,E1-3_actions_resources,E1-3 Actions and resources in relation to climate policies,30,10,10,10,1541,11608,b946225a3342ef628810ca82c662b3f442c9999556860a1bd197c6a3148a9ae0
w2__qwen3_0_6b__stratified_by_evidence_type_n10__evonik_industries__2021__e1_4_targets,W2,qwen3_0_6b,stratified_per_type,stratified_by_evidence_type_n10,060107a1-5462-4b5b-adf7-ca200f3bb587__ty2021__E1-4_targets__W2__sanity,Evonik Industries,2021,E1-4_targets,E1-4 Climate-related targets,29,10,9,10,1783,12857,5bdddface02000f0578502d6c0dde543d1c37384dc220478537fed32d6c98d6f
w2__qwen3_0_6b__stratified_by_evidence_type_n10__evonik_industries__2021__e1_6_ghg_emissions,W2,qwen3_0_6b,stratified_per_type,stratified_by_evidence_type_n10,060107a1-5462-4b5b-adf7-ca200f3bb587__ty2021__E1-6_ghg_emissions__W2__sanity,Evonik Industries,2021,E1-6_ghg_emissions,"E1-6 Gross Scope 1, Scope 2, Scope 3 and total GHG emissions",24,10,4,10,1027,8111,8a7672975231538b43251298fe9fbd0f49b75fd823719885e50276f83eb3bc80
w2__qwen3_0_6b__stratified_by_evidence_type_n10__evonik_industries__2022__e1_1_transition_plan,W2,qwen3_0_6b,stratified_per_type,stratified_by_evidence_type_n10,060107a1-5462-4b5b-adf7-ca200f3bb587__ty2022__E1-1_transition_plan__W2__sanity,Evonik Industries,2022,E1-1_transition_plan,E1-1 Transition plan for climate change mitigation,30,10,10,10,1990,14713,c2bdf261a67933d408d74f74e8cf1f4b24ba4d9cee400c018df4ae83e3b3f97c
w2__qwen3_0_6b__stratified_by_evidence_type_n10__evonik_industries__2022__e1_3_actions_resources,W2,qwen3_0_6b,stratified_per_type,stratified_by_evidence_type_n10,060107a1-5462-4b5b-adf7-ca200f3bb587__ty2022__E1-3_actions_resources__W2__sanity,Evonik Industries,2022,E1-3_actions_resources,E1-3 Actions and resources in relation to climate policies,30,10,10,10,1421,10914,efc9f7b3441e394a385f93b10d2c9369ba06c37e2a42b50c15826377eb672e0f
w2__qwen3_0_6b__stratified_by_evidence_type_n10__evonik_industries__2022__e1_4_targets,W2,qwen3_0_6b,stratified_per_type,stratified_by_evidence_type_n10,060107a1-5462-4b5b-adf7-ca200f3bb587__ty2022__E1-4_targets__W2__sanity,Evonik Industries,2022,E1-4_targets,E1-4 Climate-related targets,30,10,10,10,1743,12648,d169ccd6ff6a40674460feb7b8c6cfe2d4c402b6c9dce116832f3bd63015611a
w2__qwen3_0_6b__stratified_by_evidence_type_n10__evonik_industries__2022__e1_6_ghg_emissions,W2,qwen3_0_6b,stratified_per_type,stratified_by_evidence_type_n10,060107a1-5462-4b5b-adf7-ca200f3bb587__ty2022__E1-6_ghg_emissions__W2__sanity,Evonik Industries,2022,E1-6_ghg_emissions,"E1-6 Gross Scope 1, Scope 2, Scope 3 and total GHG emissions",24,10,4,10,998,7953,8a8b8aaff87043ab186f0e5cb4bc0f0e1ceb085f3afb2b9d3286e6f9dc656072
w2__qwen3_0_6b__stratified_by_evidence_type_n10__evonik_industries__2023__e1_1_transition_plan,W2,qwen3_0_6b,stratified_per_type,stratified_by_evidence_type_n10,060107a1-5462-4b5b-adf7-ca200f3bb587__ty2023__E1-1_transition_plan__W2__sanity,Evonik Industries,2023,E1-1_transition_plan,E1-1 Transition plan for climate change mitigation,30,10,10,10,1711,12813,214555b5f63507ae9758fce35a84fb62328bcc1bee2aae4b649f3ea47f5ce5d7
w2__qwen3_0_6b__stratified_by_evidence_type_n10__evonik_industries__2023__e1_3_actions_resources,W2,qwen3_0_6b,stratified_per_type,stratified_by_evidence_type_n10,060107a1-5462-4b5b-adf7-ca200f3bb587__ty2023__E1-3_actions_resources__W2__sanity,Evonik Industries,2023,E1-3_actions_resources,E1-3 Actions and resources in relation to climate policies,30,10,10,10,1645,12458,e067154d589aecf32c31ecf97a1a9b041476fdac1204006ffefb9bb3db5aef6d
w2__qwen3_0_6b__stratified_by_evidence_type_n10__evonik_industries__2023__e1_4_targets,W2,qwen3_0_6b,stratified_per_type,stratified_by_evidence_type_n10,060107a1-5462-4b5b-adf7-ca200f3bb587__ty2023__E1-4_targets__W2__sanity,Evonik Industries,2023,E1-4_targets,E1-4 Climate-related targets,30,10,10,10,1664,11991,e42eee480ab9d6e07570deb94937db720ba6cd686f9cd0108f2e74f6ccc3fd3f
w2__qwen3_0_6b__stratified_by_evidence_type_n10__evonik_industries__2023__e1_6_ghg_emissions,W2,qwen3_0_6b,stratified_per_type,stratified_by_evidence_type_n10,060107a1-5462-4b5b-adf7-ca200f3bb587__ty2023__E1-6_ghg_emissions__W2__sanity,Evonik Industries,2023,E1-6_ghg_emissions,"E1-6 Gross Scope 1, Scope 2, Scope 3 and total GHG emissions",27,10,7,10,1241,9648,e18222137c7187a030e0448215b3f1daa08299d67d63861ed95e29a2a4a05287
w2__qwen3_0_6b__stratified_by_evidence_type_n10__genmab__2018__e1_1_transition_plan,W2,qwen3_0_6b,stratified_per_type,stratified_by_evidence_type_n10,04b00c87-7d27-4a7f-a503-88f54d86d830__ty2018__E1-1_transition_plan__W2__sanity,Genmab,2018,E1-1_transition_plan,E1-1 Transition plan for climate change mitigation,30,10,10,10,2018,14726,5997479e959ce75a0fe5a94a9cbb09ac8aa28713b6f7056a3bb24a4fcf902645
w2__qwen3_0_6b__stratified_by_evidence_type_n10__genmab__2018__e1_3_actions_resources,W2,qwen3_0_6b,stratified_per_type,stratified_by_evidence_type_n10,04b00c87-7d27-4a7f-a503-88f54d86d830__ty2018__E1-3_actions_resources__W2__sanity,Genmab,2018,E1-3_actions_resources,E1-3 Actions and resources in relation to climate policies,30,10,10,10,1849,13818,ac3074016184801be99e7bc0fd880a74170a5b7a21f689ef946bc422db11a835
w2__qwen3_0_6b__stratified_by_evidence_type_n10__genmab__2018__e1_4_targets,W2,qwen3_0_6b,stratified_per_type,stratified_by_evidence_type_n10,04b00c87-7d27-4a7f-a503-88f54d86d830__ty2018__E1-4_targets__W2__sanity,Genmab,2018,E1-4_targets,E1-4 Climate-related targets,30,10,10,10,1448,11101,f2f94a50924d8ca7d3df6c8cbba304432c191e8e42c7442a3dbbda68150434d5
w2__qwen3_0_6b__stratified_by_evidence_type_n10__genmab__2018__e1_6_ghg_emissions,W2,qwen3_0_6b,stratified_per_type,stratified_by_evidence_type_n10,04b00c87-7d27-4a7f-a503-88f54d86d830__ty2018__E1-6_ghg_emissions__W2__sanity,Genmab,2018,E1-6_ghg_emissions,"E1-6 Gross Scope 1, Scope 2, Scope 3 and total GHG emissions",30,10,10,10,1224,9506,5e0169a685892e77f7cd64b688e3379f9e6103e393d49bac3a3e62cd7f98ae8b
w2__qwen3_0_6b__stratified_by_evidence_type_n10__genmab__2019__e1_1_transition_plan,W2,qwen3_0_6b,stratified_per_type,stratified_by_evidence_type_n10,04b00c87-7d27-4a7f-a503-88f54d86d830__ty2019__E1-1_transition_plan__W2__sanity,Genmab,2019,E1-1_transition_plan,E1-1 Transition plan for climate change mitigation,30,10,10,10,1755,13046,29beb5d08e953f4d2e0d2736599ff113cc05e9de4697fdc5d8be7ac1dd8441a8
w2__qwen3_0_6b__stratified_by_evidence_type_n10__genmab__2019__e1_3_actions_resources,W2,qwen3_0_6b,stratified_per_type,stratified_by_evidence_type_n10,04b00c87-7d27-4a7f-a503-88f54d86d830__ty2019__E1-3_actions_resources__W2__sanity,Genmab,2019,E1-3_actions_resources,E1-3 Actions and resources in relation to climate policies,30,10,10,10,1584,11961,3a0598919765a6221471f26228d6ccd0b66073024177dc51b5df7aa092aa1c17
w2__qwen3_0_6b__stratified_by_evidence_type_n10__genmab__2019__e1_4_targets,W2,qwen3_0_6b,stratified_per_type,stratified_by_evidence_type_n10,04b00c87-7d27-4a7f-a503-88f54d86d830__ty2019__E1-4_targets__W2__sanity,Genmab,2019,E1-4_targets,E1-4 Climate-related targets,30,10,10,10,1317,10207,8d4e61f3d65e1074190b42e0ef195714a8a1803e8dc3391fab236c6287691926
w2__qwen3_0_6b__stratified_by_evidence_type_n10__genmab__2019__e1_6_ghg_emissions,W2,qwen3_0_6b,stratified_per_type,stratified_by_evidence_type_n10,04b00c87-7d27-4a7f-a503-88f54d86d830__ty2019__E1-6_ghg_emissions__W2__sanity,Genmab,2019,E1-6_ghg_emissions,"E1-6 Gross Scope 1, Scope 2, Scope 3 and total GHG emissions",30,10,10,10,1415,10697,37fc73fa2645950035de6a14a9093e9f65a86c2da1a8cf86b5af6df702866d30
w2__qwen3_0_6b__stratified_by_evidence_type_n10__genmab__2020__e1_1_transition_plan,W2,qwen3_0_6b,stratified_per_type,stratified_by_evidence_type_n10,04b00c87-7d27-4a7f-a503-88f54d86d830__ty2020__E1-1_transition_plan__W2__sanity,Genmab,2020,E1-1_transition_plan,E1-1 Transition plan for climate change mitigation,30,10,10,10,1461,11223,d2945d0360b5bc2dda1e4609b7483d4e6083248b76ba96097cae6d1dc8bd59dc
w2__qwen3_0_6b__stratified_by_evidence_type_n10__genmab__2020__e1_3_actions_resources,W2,qwen3_0_6b,stratified_per_type,stratified_by_evidence_type_n10,04b00c87-7d27-4a7f-a503-88f54d86d830__ty2020__E1-3_actions_resources__W2__sanity,Genmab,2020,E1-3_actions_resources,E1-3 Actions and resources in relation to climate policies,30,10,10,10,1591,12005,e0ef0dec5a0b88d9a8ba1b37f4a1bacd316dcadb8429faf7101d31cfaf7fe2af
w2__qwen3_0_6b__stratified_by_evidence_type_n10__genmab__2020__e1_4_targets,W2,qwen3_0_6b,stratified_per_type,stratified_by_evidence_type_n10,04b00c87-7d27-4a7f-a503-88f54d86d830__ty2020__E1-4_targets__W2__sanity,Genmab,2020,E1-4_targets,E1-4 Climate-related targets,30,10,10,10,1388,10574,5cb1cd5a50f82802cde92f2dc8b6d8e4c630ac47e665bcabaa772fccd6d3f5de
w2__qwen3_0_6b__stratified_by_evidence_type_n10__genmab__2020__e1_6_ghg_emissions,W2,qwen3_0_6b,stratified_per_type,stratified_by_evidence_type_n10,04b00c87-7d27-4a7f-a503-88f54d86d830__ty2020__E1-6_ghg_emissions__W2__sanity,Genmab,2020,E1-6_ghg_emissions,"E1-6 Gross Scope 1, Scope 2, Scope 3 and total GHG emissions",30,10,10,10,1329,10199,11073fafdc39432cebf51907ed13124a89fce8faca72ff97d5e133472b480aaf
w2__qwen3_0_6b__stratified_by_evidence_type_n10__genmab__2021__e1_1_transition_plan,W2,qwen3_0_6b,stratified_per_type,stratified_by_evidence_type_n10,04b00c87-7d27-4a7f-a503-88f54d86d830__ty2021__E1-1_transition_plan__W2__sanity,Genmab,2021,E1-1_transition_plan,E1-1 Transition plan for climate change mitigation,30,10,10,10,1487,11199,a0f3f97475fedbb7c0e4c666eb6fa4812207d2cb87f9e22744c5c8ab47f8405a
w2__qwen3_0_6b__stratified_by_evidence_type_n10__genmab__2021__e1_3_actions_resources,W2,qwen3_0_6b,stratified_per_type,stratified_by_evidence_type_n10,04b00c87-7d27-4a7f-a503-88f54d86d830__ty2021__E1-3_actions_resources__W2__sanity,Genmab,2021,E1-3_actions_resources,E1-3 Actions and resources in relation to climate policies,30,10,10,10,1675,12635,a833a419db5dfc74757f9ad65c4550caac774729798cedd68af6a4fd8193e680
w2__qwen3_0_6b__stratified_by_evidence_type_n10__genmab__2021__e1_4_targets,W2,qwen3_0_6b,stratified_per_type,stratified_by_evidence_type_n10,04b00c87-7d27-4a7f-a503-88f54d86d830__ty2021__E1-4_targets__W2__sanity,Genmab,2021,E1-4_targets,E1-4 Climate-related targets,30,10,10,10,1386,10495,2f25411d25ac621006b46f28df6bafa7631a46677fe387caf8a3d36ff5f580ea
w2__qwen3_0_6b__stratified_by_evidence_type_n10__genmab__2021__e1_6_ghg_emissions,W2,qwen3_0_6b,stratified_per_type,stratified_by_evidence_type_n10,04b00c87-7d27-4a7f-a503-88f54d86d830__ty2021__E1-6_ghg_emissions__W2__sanity,Genmab,2021,E1-6_ghg_emissions,"E1-6 Gross Scope 1, Scope 2, Scope 3 and total GHG emissions",30,10,10,10,1744,12810,487abb2f010eab3ccdecc452ad1f51c1afa3389c014ff5bda7897abeebf80fd3
w2__qwen3_0_6b__stratified_by_evidence_type_n10__genmab__2022__e1_1_transition_plan,W2,qwen3_0_6b,stratified_per_type,stratified_by_evidence_type_n10,04b00c87-7d27-4a7f-a503-88f54d86d830__ty2022__E1-1_transition_plan__W2__sanity,Genmab,2022,E1-1_transition_plan,E1-1 Transition plan for climate change mitigation,30,10,10,10,1677,12667,5491b850f40d4b205dca4f34ddd46f2ebf4f3e2e22fa8599fa91165d0261cd83
w2__qwen3_0_6b__stratified_by_evidence_type_n10__genmab__2022__e1_3_actions_resources,W2,qwen3_0_6b,stratified_per_type,stratified_by_evidence_type_n10,04b00c87-7d27-4a7f-a503-88f54d86d830__ty2022__E1-3_actions_resources__W2__sanity,Genmab,2022,E1-3_actions_resources,E1-3 Actions and resources in relation to climate policies,30,10,10,10,1560,11893,f0167072a9fe8686b9904218d0738c7114e642850375757b6c93a4cfc5b148db
w2__qwen3_0_6b__stratified_by_evidence_type_n10__genmab__2022__e1_4_targets,W2,qwen3_0_6b,stratified_per_type,stratified_by_evidence_type_n10,04b00c87-7d27-4a7f-a503-88f54d86d830__ty2022__E1-4_targets__W2__sanity,Genmab,2022,E1-4_targets,E1-4 Climate-related targets,30,10,10,10,1612,12061,68601ce892d44a929f71f0d99fc6a3753e3f4d3702e80df5ccac8143c8b0d8bf
w2__qwen3_0_6b__stratified_by_evidence_type_n10__genmab__2022__e1_6_ghg_emissions,W2,qwen3_0_6b,stratified_per_type,stratified_by_evidence_type_n10,04b00c87-7d27-4a7f-a503-88f54d86d830__ty2022__E1-6_ghg_emissions__W2__sanity,Genmab,2022,E1-6_ghg_emissions,"E1-6 Gross Scope 1, Scope 2, Scope 3 and total GHG emissions",28,10,8,10,1256,9607,7cff5db00794efde5dd52ca026fa782bad0e46c62debbfc0fbf0d5d131ed89d5
w2__qwen3_0_6b__stratified_by_evidence_type_n10__genmab__2023__e1_1_transition_plan,W2,qwen3_0_6b,stratified_per_type,stratified_by_evidence_type_n10,04b00c87-7d27-4a7f-a503-88f54d86d830__ty2023__E1-1_transition_plan__W2__sanity,Genmab,2023,E1-1_transition_plan,E1-1 Transition plan for climate change mitigation,30,10,10,10,1439,10926,43c4e313245dfd59232528cba07e359aae796a3d3b5385c06185931fe1199f6e
w2__qwen3_0_6b__stratified_by_evidence_type_n10__genmab__2023__e1_3_actions_resources,W2,qwen3_0_6b,stratified_per_type,stratified_by_evidence_type_n10,04b00c87-7d27-4a7f-a503-88f54d86d830__ty2023__E1-3_actions_resources__W2__sanity,Genmab,2023,E1-3_actions_resources,E1-3 Actions and resources in relation to climate policies,30,10,10,10,1761,13272,35c814167d35a60c50ffacc571c3356a36fe2c8ea44b9e5255f8e9ed675bd41a
w2__qwen3_0_6b__stratified_by_evidence_type_n10__genmab__2023__e1_4_targets,W2,qwen3_0_6b,stratified_per_type,stratified_by_evidence_type_n10,04b00c87-7d27-4a7f-a503-88f54d86d830__ty2023__E1-4_targets__W2__sanity,Genmab,2023,E1-4_targets,E1-4 Climate-related targets,30,10,10,10,1636,12227,1389962fe7bf5c1a34af6cd93ab372981015210df28f0e04549fb166592c03a1
w2__qwen3_0_6b__stratified_by_evidence_type_n10__genmab__2023__e1_6_ghg_emissions,W2,qwen3_0_6b,stratified_per_type,stratified_by_evidence_type_n10,04b00c87-7d27-4a7f-a503-88f54d86d830__ty2023__E1-6_ghg_emissions__W2__sanity,Genmab,2023,E1-6_ghg_emissions,"E1-6 Gross Scope 1, Scope 2, Scope 3 and total GHG emissions",30,10,10,10,1431,10803,860afc72154820c625ac0a5853deab8c2e3583316c24519a795880d42f7a5a70
w2__qwen3_0_6b__stratified_by_evidence_type_n10__informa__2018__e1_1_transition_plan,W2,qwen3_0_6b,stratified_per_type,stratified_by_evidence_type_n10,034847ad-4df8-4fde-a032-a1ae9d231942__ty2018__E1-1_transition_plan__W2__sanity,Informa,2018,E1-1_transition_plan,E1-1 Transition plan for climate change mitigation,30,10,10,10,1837,13490,ef9473a1ead94f88cf3dc6ff633835d6d847c541351b0d9e3d9c99f91738c887
w2__qwen3_0_6b__stratified_by_evidence_type_n10__informa__2018__e1_3_actions_resources,W2,qwen3_0_6b,stratified_per_type,stratified_by_evidence_type_n10,034847ad-4df8-4fde-a032-a1ae9d231942__ty2018__E1-3_actions_resources__W2__sanity,Informa,2018,E1-3_actions_resources,E1-3 Actions and resources in relation to climate policies,30,10,10,10,1725,12650,de455788e9b350a13d6c720c999b337a714d99e909630ad61cd8e8dd40022e2a
w2__qwen3_0_6b__stratified_by_evidence_type_n10__informa__2018__e1_4_targets,W2,qwen3_0_6b,stratified_per_type,stratified_by_evidence_type_n10,034847ad-4df8-4fde-a032-a1ae9d231942__ty2018__E1-4_targets__W2__sanity,Informa,2018,E1-4_targets,E1-4 Climate-related targets,25,10,10,5,1392,10414,62e9ece1c98cbb23c0f05a3781045998d4bce214df6fe9a43c1e77d6ff4d5532
w2__qwen3_0_6b__stratified_by_evidence_type_n10__informa__2018__e1_6_ghg_emissions,W2,qwen3_0_6b,stratified_per_type,stratified_by_evidence_type_n10,034847ad-4df8-4fde-a032-a1ae9d231942__ty2018__E1-6_ghg_emissions__W2__sanity,Informa,2018,E1-6_ghg_emissions,"E1-6 Gross Scope 1, Scope 2, Scope 3 and total GHG emissions",17,10,5,2,838,6521,19c73984a2c772bba1fdda1df02b8c9b455a1bc5fe5f59eff3219e1203471ab1
w2__qwen3_0_6b__stratified_by_evidence_type_n10__informa__2019__e1_1_transition_plan,W2,qwen3_0_6b,stratified_per_type,stratified_by_evidence_type_n10,034847ad-4df8-4fde-a032-a1ae9d231942__ty2019__E1-1_transition_plan__W2__sanity,Informa,2019,E1-1_transition_plan,E1-1 Transition plan for climate change mitigation,30,10,10,10,2723,18585,7249693e525d0fbb6104bc2cbb2b919969087736da701688c1970d014267e819
w2__qwen3_0_6b__stratified_by_evidence_type_n10__informa__2019__e1_3_actions_resources,W2,qwen3_0_6b,stratified_per_type,stratified_by_evidence_type_n10,034847ad-4df8-4fde-a032-a1ae9d231942__ty2019__E1-3_actions_resources__W2__sanity,Informa,2019,E1-3_actions_resources,E1-3 Actions and resources in relation to climate policies,30,10,10,10,1483,11176,a9ec723aa6100561c5a0654fb969de4c7e20958a2d4d2bcc00416a2907a15f25
w2__qwen3_0_6b__stratified_by_evidence_type_n10__informa__2019__e1_4_targets,W2,qwen3_0_6b,stratified_per_type,stratified_by_evidence_type_n10,034847ad-4df8-4fde-a032-a1ae9d231942__ty2019__E1-4_targets__W2__sanity,Informa,2019,E1-4_targets,E1-4 Climate-related targets,30,10,10,10,2424,16696,8501f8ec3029a705cb8e4ca2a2569ed4dd1fe665c256e437350b6a7c9ef40167
w2__qwen3_0_6b__stratified_by_evidence_type_n10__informa__2019__e1_6_ghg_emissions,W2,qwen3_0_6b,stratified_per_type,stratified_by_evidence_type_n10,034847ad-4df8-4fde-a032-a1ae9d231942__ty2019__E1-6_ghg_emissions__W2__sanity,Informa,2019,E1-6_ghg_emissions,"E1-6 Gross Scope 1, Scope 2, Scope 3 and total GHG emissions",25,10,5,10,1137,8800,8ac2f8bcb71358bd25c2899b190cc4e67f493cb97a2843c07f81ac7ba21f4e15
w2__qwen3_0_6b__stratified_by_evidence_type_n10__informa__2020__e1_1_transition_plan,W2,qwen3_0_6b,stratified_per_type,stratified_by_evidence_type_n10,034847ad-4df8-4fde-a032-a1ae9d231942__ty2020__E1-1_transition_plan__W2__sanity,Informa,2020,E1-1_transition_plan,E1-1 Transition plan for climate change mitigation,30,10,10,10,2958,18895,4b6451617caa895731386768568002bb467094c427771e0f6d9abc0b67cf3586
w2__qwen3_0_6b__stratified_by_evidence_type_n10__informa__2020__e1_3_actions_resources,W2,qwen3_0_6b,stratified_per_type,stratified_by_evidence_type_n10,034847ad-4df8-4fde-a032-a1ae9d231942__ty2020__E1-3_actions_resources__W2__sanity,Informa,2020,E1-3_actions_resources,E1-3 Actions and resources in relation to climate policies,30,10,10,10,6473,29881,a535df3b8dd9cbc06d17e35f4396eb6fea98a266ef87eff3b6e10a30314b1b2d
w2__qwen3_0_6b__stratified_by_evidence_type_n10__informa__2020__e1_4_targets,W2,qwen3_0_6b,stratified_per_type,stratified_by_evidence_type_n10,034847ad-4df8-4fde-a032-a1ae9d231942__ty2020__E1-4_targets__W2__sanity,Informa,2020,E1-4_targets,E1-4 Climate-related targets,30,10,10,10,6725,30937,8ccfe96acd834acd742743637afcf11fa5528cb47dee6d2a0eb5a277abcd3af2
w2__qwen3_0_6b__stratified_by_evidence_type_n10__informa__2020__e1_6_ghg_emissions,W2,qwen3_0_6b,stratified_per_type,stratified_by_evidence_type_n10,034847ad-4df8-4fde-a032-a1ae9d231942__ty2020__E1-6_ghg_emissions__W2__sanity,Informa,2020,E1-6_ghg_emissions,"E1-6 Gross Scope 1, Scope 2, Scope 3 and total GHG emissions",25,10,5,10,1677,11434,dc8d7f672d468507751c54dcaf4c67146ff71fae8095d515ac1be49c3a9daa7d
w2__qwen3_0_6b__stratified_by_evidence_type_n10__informa__2021__e1_1_transition_plan,W2,qwen3_0_6b,stratified_per_type,stratified_by_evidence_type_n10,034847ad-4df8-4fde-a032-a1ae9d231942__ty2021__E1-1_transition_plan__W2__sanity,Informa,2021,E1-1_transition_plan,E1-1 Transition plan for climate change mitigation,30,10,10,10,2577,17272,ea141fede1e810e06c8145727660301724d7cdf231bb2f5dd8af0ccb30ad9a6d
w2__qwen3_0_6b__stratified_by_evidence_type_n10__informa__2021__e1_3_actions_resources,W2,qwen3_0_6b,stratified_per_type,stratified_by_evidence_type_n10,034847ad-4df8-4fde-a032-a1ae9d231942__ty2021__E1-3_actions_resources__W2__sanity,Informa,2021,E1-3_actions_resources,E1-3 Actions and resources in relation to climate policies,30,10,10,10,1733,12170,ebab1ae07e95f74afd8855d9735f75b6caa961bd55ae06f7455161881e1f8d68
w2__qwen3_0_6b__stratified_by_evidence_type_n10__informa__2021__e1_4_targets,W2,qwen3_0_6b,stratified_per_type,stratified_by_evidence_type_n10,034847ad-4df8-4fde-a032-a1ae9d231942__ty2021__E1-4_targets__W2__sanity,Informa,2021,E1-4_targets,E1-4 Climate-related targets,30,10,10,10,1740,12050,4bc7263588c2e6813c00dd2bd0f639e9e13137701958322d224de1df4bb25760
w2__qwen3_0_6b__stratified_by_evidence_type_n10__informa__2021__e1_6_ghg_emissions,W2,qwen3_0_6b,stratified_per_type,stratified_by_evidence_type_n10,034847ad-4df8-4fde-a032-a1ae9d231942__ty2021__E1-6_ghg_emissions__W2__sanity,Informa,2021,E1-6_ghg_emissions,"E1-6 Gross Scope 1, Scope 2, Scope 3 and total GHG emissions",27,10,7,10,1911,12702,b5aaad370109019ef4696c9d19a9e59ef3d605f3fbb05ee10f3497a760a56f7e
w2__qwen3_0_6b__stratified_by_evidence_type_n10__informa__2022__e1_1_transition_plan,W2,qwen3_0_6b,stratified_per_type,stratified_by_evidence_type_n10,034847ad-4df8-4fde-a032-a1ae9d231942__ty2022__E1-1_transition_plan__W2__sanity,Informa,2022,E1-1_transition_plan,E1-1 Transition plan for climate change mitigation,30,10,10,10,2397,16435,752d6da59d700ba4bd78bf569af62740dcacd74ce995acdd21f8607648fd6abc
w2__qwen3_0_6b__stratified_by_evidence_type_n10__informa__2022__e1_3_actions_resources,W2,qwen3_0_6b,stratified_per_type,stratified_by_evidence_type_n10,034847ad-4df8-4fde-a032-a1ae9d231942__ty2022__E1-3_actions_resources__W2__sanity,Informa,2022,E1-3_actions_resources,E1-3 Actions and resources in relation to climate policies,30,10,10,10,1460,11152,1b85fcabc83e657008231974e5b3f25aad6e5ad8dbbe716a7dc89d33ebe323f8
w2__qwen3_0_6b__stratified_by_evidence_type_n10__informa__2022__e1_4_targets,W2,qwen3_0_6b,stratified_per_type,stratified_by_evidence_type_n10,034847ad-4df8-4fde-a032-a1ae9d231942__ty2022__E1-4_targets__W2__sanity,Informa,2022,E1-4_targets,E1-4 Climate-related targets,30,10,10,10,1436,10774,43f584e2b9a3a2780dd7e20ca3af8a707667b80e27a3e664a647e290b95e8fbd
w2__qwen3_0_6b__stratified_by_evidence_type_n10__informa__2022__e1_6_ghg_emissions,W2,qwen3_0_6b,stratified_per_type,stratified_by_evidence_type_n10,034847ad-4df8-4fde-a032-a1ae9d231942__ty2022__E1-6_ghg_emissions__W2__sanity,Informa,2022,E1-6_ghg_emissions,"E1-6 Gross Scope 1, Scope 2, Scope 3 and total GHG emissions",30,10,10,10,2325,15787,ade626ee7e90911cd38331300d58ed96d0f70bd248d2a488e2dd87f7f78dffeb
w2__qwen3_0_6b__stratified_by_evidence_type_n10__informa__2023__e1_1_transition_plan,W2,qwen3_0_6b,stratified_per_type,stratified_by_evidence_type_n10,034847ad-4df8-4fde-a032-a1ae9d231942__ty2023__E1-1_transition_plan__W2__sanity,Informa,2023,E1-1_transition_plan,E1-1 Transition plan for climate change mitigation,30,10,10,10,1594,11613,4c34d25b994e2524c0e36e044de5030036db02f5abb5044c4a35cec778945cf3
w2__qwen3_0_6b__stratified_by_evidence_type_n10__informa__2023__e1_3_actions_resources,W2,qwen3_0_6b,stratified_per_type,stratified_by_evidence_type_n10,034847ad-4df8-4fde-a032-a1ae9d231942__ty2023__E1-3_actions_resources__W2__sanity,Informa,2023,E1-3_actions_resources,E1-3 Actions and resources in relation to climate policies,30,10,10,10,6216,28570,f4bfe4dc59da60ddbcaa5dd3203829f58b975f02057b22d32f1d858cdef01ee8
w2__qwen3_0_6b__stratified_by_evidence_type_n10__informa__2023__e1_4_targets,W2,qwen3_0_6b,stratified_per_type,stratified_by_evidence_type_n10,034847ad-4df8-4fde-a032-a1ae9d231942__ty2023__E1-4_targets__W2__sanity,Informa,2023,E1-4_targets,E1-4 Climate-related targets,30,10,10,10,1806,12740,971d39b491d49ba43c99f8fb7911df3f89860858afb58f2d03e3f94f2d8e370a
w2__qwen3_0_6b__stratified_by_evidence_type_n10__informa__2023__e1_6_ghg_emissions,W2,qwen3_0_6b,stratified_per_type,stratified_by_evidence_type_n10,034847ad-4df8-4fde-a032-a1ae9d231942__ty2023__E1-6_ghg_emissions__W2__sanity,Informa,2023,E1-6_ghg_emissions,"E1-6 Gross Scope 1, Scope 2, Scope 3 and total GHG emissions",30,10,10,10,2391,16028,ea4dfa4b570612fca1db21cf19ea076754dfef2cdeddcc25b0bc1efe5118b698
w2__qwen3_0_6b__stratified_by_evidence_type_n10__mercedes_benz_group__2018__e1_1_transition_plan,W2,qwen3_0_6b,stratified_per_type,stratified_by_evidence_type_n10,03c716df-c496-489f-8d20-b27e270e90fe__ty2018__E1-1_transition_plan__W2__sanity,Mercedes-Benz Group,2018,E1-1_transition_plan,E1-1 Transition plan for climate change mitigation,26,10,6,10,1170,9196,65d04d9b04397b83f39513661313194cfd317f20364c239a446603d92824dc19
w2__qwen3_0_6b__stratified_by_evidence_type_n10__mercedes_benz_group__2018__e1_3_actions_resources,W2,qwen3_0_6b,stratified_per_type,stratified_by_evidence_type_n10,03c716df-c496-489f-8d20-b27e270e90fe__ty2018__E1-3_actions_resources__W2__sanity,Mercedes-Benz Group,2018,E1-3_actions_resources,E1-3 Actions and resources in relation to climate policies,22,10,2,10,931,7424,2ff2e7acbff0e73fdb87f4de69974cca59c3253f0deaa070787954ba6ce377be
w2__qwen3_0_6b__stratified_by_evidence_type_n10__mercedes_benz_group__2018__e1_4_targets,W2,qwen3_0_6b,stratified_per_type,stratified_by_evidence_type_n10,03c716df-c496-489f-8d20-b27e270e90fe__ty2018__E1-4_targets__W2__sanity,Mercedes-Benz Group,2018,E1-4_targets,E1-4 Climate-related targets,22,10,2,10,934,7473,6eddb8a89b380e44fd3d6747f3b1d6b7aa40eff0f2cd0a2aaa7eb16b88e81129
w2__qwen3_0_6b__stratified_by_evidence_type_n10__mercedes_benz_group__2018__e1_6_ghg_emissions,W2,qwen3_0_6b,stratified_per_type,stratified_by_evidence_type_n10,03c716df-c496-489f-8d20-b27e270e90fe__ty2018__E1-6_ghg_emissions__W2__sanity,Mercedes-Benz Group,2018,E1-6_ghg_emissions,"E1-6 Gross Scope 1, Scope 2, Scope 3 and total GHG emissions",21,10,1,10,930,7072,cab8ef3de07831fad33894a12dae56416d33b0fc7da1362fcef26fd6098a8f28
w2__qwen3_0_6b__stratified_by_evidence_type_n10__mercedes_benz_group__2019__e1_1_transition_plan,W2,qwen3_0_6b,stratified_per_type,stratified_by_evidence_type_n10,03c716df-c496-489f-8d20-b27e270e90fe__ty2019__E1-1_transition_plan__W2__sanity,Mercedes-Benz Group,2019,E1-1_transition_plan,E1-1 Transition plan for climate change mitigation,26,10,6,10,1276,9686,011fe3caee640e83af2d0edbac571077564e4dec1ea4c9f1f81c94f1726c1f16
w2__qwen3_0_6b__stratified_by_evidence_type_n10__mercedes_benz_group__2019__e1_3_actions_resources,W2,qwen3_0_6b,stratified_per_type,stratified_by_evidence_type_n10,03c716df-c496-489f-8d20-b27e270e90fe__ty2019__E1-3_actions_resources__W2__sanity,Mercedes-Benz Group,2019,E1-3_actions_resources,E1-3 Actions and resources in relation to climate policies,23,10,3,10,1014,7862,1031fc3ad64f5871ef14316144a754c3c759923234bca20fff13bcd808a274e8
w2__qwen3_0_6b__stratified_by_evidence_type_n10__mercedes_benz_group__2019__e1_4_targets,W2,qwen3_0_6b,stratified_per_type,stratified_by_evidence_type_n10,03c716df-c496-489f-8d20-b27e270e90fe__ty2019__E1-4_targets__W2__sanity,Mercedes-Benz Group,2019,E1-4_targets,E1-4 Climate-related targets,23,10,3,10,1024,7936,77859a2887461de05a08df5ebe4a09ba94058846bc755eb8e2d03ab877c7e9e1
w2__qwen3_0_6b__stratified_by_evidence_type_n10__mercedes_benz_group__2019__e1_6_ghg_emissions,W2,qwen3_0_6b,stratified_per_type,stratified_by_evidence_type_n10,03c716df-c496-489f-8d20-b27e270e90fe__ty2019__E1-6_ghg_emissions__W2__sanity,Mercedes-Benz Group,2019,E1-6_ghg_emissions,"E1-6 Gross Scope 1, Scope 2, Scope 3 and total GHG emissions",22,10,2,10,1007,7443,fb735b647704bb02448a21e439e2c6f133b6971e47c6f9afc5f8e16982c79f42
w2__qwen3_0_6b__stratified_by_evidence_type_n10__mercedes_benz_group__2020__e1_1_transition_plan,W2,qwen3_0_6b,stratified_per_type,stratified_by_evidence_type_n10,03c716df-c496-489f-8d20-b27e270e90fe__ty2020__E1-1_transition_plan__W2__sanity,Mercedes-Benz Group,2020,E1-1_transition_plan,E1-1 Transition plan for climate change mitigation,30,10,10,10,1536,11510,abc46ebc8e547451d523fe78acf1401e306c8b7a4ded7469e35e92bfbca23461
w2__qwen3_0_6b__stratified_by_evidence_type_n10__mercedes_benz_group__2020__e1_3_actions_resources,W2,qwen3_0_6b,stratified_per_type,stratified_by_evidence_type_n10,03c716df-c496-489f-8d20-b27e270e90fe__ty2020__E1-3_actions_resources__W2__sanity,Mercedes-Benz Group,2020,E1-3_actions_resources,E1-3 Actions and resources in relation to climate policies,25,10,5,10,1173,8746,8f5163ef3ce3f6120681d26b218ea8c4c23381a1e99c1e94f5b83c0669bcf3c8
w2__qwen3_0_6b__stratified_by_evidence_type_n10__mercedes_benz_group__2020__e1_4_targets,W2,qwen3_0_6b,stratified_per_type,stratified_by_evidence_type_n10,03c716df-c496-489f-8d20-b27e270e90fe__ty2020__E1-4_targets__W2__sanity,Mercedes-Benz Group,2020,E1-4_targets,E1-4 Climate-related targets,28,10,8,10,1415,10296,9f1edaf8694e22c7b1be162607d1301fcb34aad62db58750bd89ee30b18f73fd
w2__qwen3_0_6b__stratified_by_evidence_type_n10__mercedes_benz_group__2020__e1_6_ghg_emissions,W2,qwen3_0_6b,stratified_per_type,stratified_by_evidence_type_n10,03c716df-c496-489f-8d20-b27e270e90fe__ty2020__E1-6_ghg_emissions__W2__sanity,Mercedes-Benz Group,2020,E1-6_ghg_emissions,"E1-6 Gross Scope 1, Scope 2, Scope 3 and total GHG emissions",30,10,10,10,1519,10976,1aa17b770051610f735833227cc13786ba734ebd4151bdab5031ec3fea969ed6
w2__qwen3_0_6b__stratified_by_evidence_type_n10__mercedes_benz_group__2021__e1_1_transition_plan,W2,qwen3_0_6b,stratified_per_type,stratified_by_evidence_type_n10,03c716df-c496-489f-8d20-b27e270e90fe__ty2021__E1-1_transition_plan__W2__sanity,Mercedes-Benz Group,2021,E1-1_transition_plan,E1-1 Transition plan for climate change mitigation,30,10,10,10,1724,12737,dfec25a3b05d3539750003cb5cbbbef04c424d177e15991f6fe4cc2e2217d938
w2__qwen3_0_6b__stratified_by_evidence_type_n10__mercedes_benz_group__2021__e1_3_actions_resources,W2,qwen3_0_6b,stratified_per_type,stratified_by_evidence_type_n10,03c716df-c496-489f-8d20-b27e270e90fe__ty2021__E1-3_actions_resources__W2__sanity,Mercedes-Benz Group,2021,E1-3_actions_resources,E1-3 Actions and resources in relation to climate policies,26,10,6,10,1215,9492,dfee112b40e8790f5b1c78f2d9b7b6287e89de2790604faf9e8a167af549c2e5
w2__qwen3_0_6b__stratified_by_evidence_type_n10__mercedes_benz_group__2021__e1_4_targets,W2,qwen3_0_6b,stratified_per_type,stratified_by_evidence_type_n10,03c716df-c496-489f-8d20-b27e270e90fe__ty2021__E1-4_targets__W2__sanity,Mercedes-Benz Group,2021,E1-4_targets,E1-4 Climate-related targets,29,10,9,10,1412,10784,fdca65e3a4cc20ebfdf0c4d924ed2490b8cb4e369b7c25e82a8f426f8a23a6f2
w2__qwen3_0_6b__stratified_by_evidence_type_n10__mercedes_benz_group__2021__e1_6_ghg_emissions,W2,qwen3_0_6b,stratified_per_type,stratified_by_evidence_type_n10,03c716df-c496-489f-8d20-b27e270e90fe__ty2021__E1-6_ghg_emissions__W2__sanity,Mercedes-Benz Group,2021,E1-6_ghg_emissions,"E1-6 Gross Scope 1, Scope 2, Scope 3 and total GHG emissions",30,10,10,10,1434,11037,b3536e87552133f41e75e3ee6cb13272cf7981de61bcc1efc299f593380e245b
w2__qwen3_0_6b__stratified_by_evidence_type_n10__mercedes_benz_group__2022__e1_1_transition_plan,W2,qwen3_0_6b,stratified_per_type,stratified_by_evidence_type_n10,03c716df-c496-489f-8d20-b27e270e90fe__ty2022__E1-1_transition_plan__W2__sanity,Mercedes-Benz Group,2022,E1-1_transition_plan,E1-1 Transition plan for climate change mitigation,30,10,10,10,1622,12205,1f39258db062c60fe1beafbda5bbab86aec6d951fcdd8d884363aebed05de252
w2__qwen3_0_6b__stratified_by_evidence_type_n10__mercedes_benz_group__2022__e1_3_actions_resources,W2,qwen3_0_6b,stratified_per_type,stratified_by_evidence_type_n10,03c716df-c496-489f-8d20-b27e270e90fe__ty2022__E1-3_actions_resources__W2__sanity,Mercedes-Benz Group,2022,E1-3_actions_resources,E1-3 Actions and resources in relation to climate policies,30,10,10,10,1591,12312,4804196bf22c09d5d4e6d92e9b4a90cac0e4f0cc15ef8f355c4f5f68479afe92
w2__qwen3_0_6b__stratified_by_evidence_type_n10__mercedes_benz_group__2022__e1_4_targets,W2,qwen3_0_6b,stratified_per_type,stratified_by_evidence_type_n10,03c716df-c496-489f-8d20-b27e270e90fe__ty2022__E1-4_targets__W2__sanity,Mercedes-Benz Group,2022,E1-4_targets,E1-4 Climate-related targets,30,10,10,10,1530,11799,0a0e654c928545692f56b5b916d123c427ad3f9b0b7279a6a80719c705f23aea
w2__qwen3_0_6b__stratified_by_evidence_type_n10__mercedes_benz_group__2022__e1_6_ghg_emissions,W2,qwen3_0_6b,stratified_per_type,stratified_by_evidence_type_n10,03c716df-c496-489f-8d20-b27e270e90fe__ty2022__E1-6_ghg_emissions__W2__sanity,Mercedes-Benz Group,2022,E1-6_ghg_emissions,"E1-6 Gross Scope 1, Scope 2, Scope 3 and total GHG emissions",30,10,10,10,1542,11916,b5923e0b9f59125e6f7658dfa6441c5cf9e065161901ad567f276d390ecd552d
w2__qwen3_0_6b__stratified_by_evidence_type_n10__mercedes_benz_group__2023__e1_1_transition_plan,W2,qwen3_0_6b,stratified_per_type,stratified_by_evidence_type_n10,03c716df-c496-489f-8d20-b27e270e90fe__ty2023__E1-1_transition_plan__W2__sanity,Mercedes-Benz Group,2023,E1-1_transition_plan,E1-1 Transition plan for climate change mitigation,30,10,10,10,1676,12631,403e164e6e4a058f09e29ddd8e9ca8b5b48ff6a9e4b04899c146a80e2e8c94d1
w2__qwen3_0_6b__stratified_by_evidence_type_n10__mercedes_benz_group__2023__e1_3_actions_resources,W2,qwen3_0_6b,stratified_per_type,stratified_by_evidence_type_n10,03c716df-c496-489f-8d20-b27e270e90fe__ty2023__E1-3_actions_resources__W2__sanity,Mercedes-Benz Group,2023,E1-3_actions_resources,E1-3 Actions and resources in relation to climate policies,30,10,10,10,1556,12481,0a7ec17ed2286973184db631cb066d662dc794ac229bf8696112c6ba11fef0ff
w2__qwen3_0_6b__stratified_by_evidence_type_n10__mercedes_benz_group__2023__e1_4_targets,W2,qwen3_0_6b,stratified_per_type,stratified_by_evidence_type_n10,03c716df-c496-489f-8d20-b27e270e90fe__ty2023__E1-4_targets__W2__sanity,Mercedes-Benz Group,2023,E1-4_targets,E1-4 Climate-related targets,30,10,10,10,1397,11056,6af0cc437acc35099a54eacadd0cbaa0237d72234995f69f7275a64fdc03dcb8
w2__qwen3_0_6b__stratified_by_evidence_type_n10__mercedes_benz_group__2023__e1_6_ghg_emissions,W2,qwen3_0_6b,stratified_per_type,stratified_by_evidence_type_n10,03c716df-c496-489f-8d20-b27e270e90fe__ty2023__E1-6_ghg_emissions__W2__sanity,Mercedes-Benz Group,2023,E1-6_ghg_emissions,"E1-6 Gross Scope 1, Scope 2, Scope 3 and total GHG emissions",30,10,10,10,1675,12948,088bb81d3f517b1aca764a8449b2f8c2f8e535325035f3aca1c2f2cd4ca9fab0
